method,path,statusCode,contextPath
post,/book,200,/bookinfo
post,/fashion,200,/bookinfo
get,/book/{id},200,/bookinfo
get,/book/bookuser/{id},200,/bookinfo
put,/book/{id},200,/bookinfo
delete,/book/{id},200,/bookinfo
get,/getBookByName,200,/bookinfo
post,/review,200,/bookinfo
put,/review/{id},200,/bookinfo
delete,/review/{id},200,/bookinfo
get,/review/{id},200,/bookinfo
post,/user,200,/bookinfo
put,/user/{id},200,/bookinfo
get,/user/{id},200,/bookinfo
delete,/user/{id},200,/bookinfo
post,/vi1/loyalty/earnable-burnable-points,404,/dummy
get,/vi1/loyalty/program/get-loyalty-program,200,/dummy
get,/vi1/loyalty/rewards/get-customer-loyalty,200,/dummy
post,/vi1/loyalty/rewards/load/points,200,/dummy
post,/vi1/loyalty/rewards/process-loyalty-redemption,200,/dummy
get,/vi1/loyalty/rewards/transactions,200,/dummy
post,/vi1/reverse/reverse-loyalty-transaction,200,/dummy
get,/vi1/status/loyalty-transaction-status,404,/dummy
post,/vi1/store/create-store,404,/dummy
get,/vi1/store/store-by-code,200,/dummy
post,/vi1/subscription/create-or-update-customer-loyalty,200,/dummy
post,/vi1/subscription/optout-customer-loyalty,200,/dummy
get,/api/v1/decide-route,200,/java-shopflo
put,/api/v1/merchant-branch-status/{merchantId},401,/java-shopflo
post,/api/v2/migration,200,/java-shopflo
post,/api/v2/migration/transaction-details,200,/java-shopflo
get,/api/v1/account,200,/java-shopflo
post,/api/v1/account,400,/java-shopflo
get,/api/v1/account/{accountId},200,/java-shopflo
patch,/api/v1/account/{accountId},200,/java-shopflo
post,/api/v1/admin/coupon/coupon_rule,400,/java-shopflo
get,/api/v1/issuer/{issuerId}/merchant/{merchantId}/coupon/analytics/code,200,/java-shopflo
get,/api/v1/issuer/{issuerId}/merchant/{merchantId}/coupon/analytics/{couponId},200,/java-shopflo
delete,/api/v1/issuer/{issuerId}/merchant/{merchantId}/confirm/{tempContextId},200,/java-shopflo
post,/api/v1/issuer/{issuerId}/merchant/{merchantId}/confirm/{tempContextId},200,/java-shopflo
get,/api/v1/issuer/{issuerId}/merchant/{merchantId}/coupon,200,/java-shopflo
post,/api/v1/issuer/{issuerId}/merchant/{merchantId}/coupon,200,/java-shopflo
patch,/api/v1/issuer/{issuerId}/merchant/{merchantId}/coupon/{couponId}/customer-specific,200,/java-shopflo
post,/api/v1/issuer/{issuerId}/merchant/{merchantId}/coupon/bulk/file,200,/java-shopflo
delete,/api/v1/issuer/{issuerId}/merchant/{merchantId}/coupon/bulk/{bulkCouponJobId},200,/java-shopflo
get,/api/v1/issuer/{issuerId}/merchant/{merchantId}/coupon/bulk/{bulkCouponJobId},200,/java-shopflo
patch,/api/v1/issuer/{issuerId}/merchant/{merchantId}/coupon/bulk/{bulkCouponJobId},200,/java-shopflo
get,/api/v1/issuer/{issuerId}/merchant/{merchantId}/coupon/bulk,200,/java-shopflo
get,/api/v1/issuer/{issuerId}/merchant/{merchantId}/coupon/bulk/{bulkCouponJobId}/subscribe,200,/java-shopflo
patch,/api/v1/issuer/{issuerId}/merchant/{merchantId}/coupon/{couponId}/description,400,/java-shopflo
delete,/api/v1/issuer/{issuerId}/merchant/{merchantId}/coupon/{couponId},401,/java-shopflo
get,/api/v1/issuer/{issuerId}/merchant/{merchantId}/coupon/{couponId},200,/java-shopflo
patch,/api/v1/issuer/{issuerId}/merchant/{merchantId}/coupon//weights,401,/java-shopflo
patch,/api/v1/issuer/{issuerId}/merchant/{merchantId}/coupon/{couponId}/toggle-discovery,200,/java-shopflo
patch,/api/v1/issuer/{issuerId}/merchant/{merchantId}/coupon/{couponId}/toggle-status,200,/java-shopflo
post,/api/v1/issuer/{issuerId}/merchant/{merchantId}/coupon/customer-specific,200,/java-shopflo
post,/api/v1/issuer/{issuerId}/merchant/{merchantId}/coupon/description,200,/java-shopflo
delete,/api/v1/issuer/{issuerId}/merchant/{merchantId}/discount-configuration,200,/java-shopflo
get,/api/v1/issuer/{issuerId}/merchant/{merchantId}/discount-configuration,200,/java-shopflo
post,/api/v1/issuer/{issuerId}/merchant/{merchantId}/discount-configuration,200,/java-shopflo
patch,/api/v1/issuer/{issuerId}/merchant/{merchantId}/discount-configuration,200,/java-shopflo
get,/api/v1/automation,200,/java-shopflo
post,/api/v1/automation,200,/java-shopflo
patch,/api/v1/automation/{automationId},200,/java-shopflo
get,/api/v1/automation/{automationId},200,/java-shopflo
delete,/api/v1/automation/{automationId},200,/java-shopflo
get,/api/v1/issuer/{issuerId}/merchant/{merchantId}/collection,200,/java-shopflo
post,/api/v1/issuer/{issuerId}/merchant/{merchantId}/collection,400,/java-shopflo
delete,/api/v1/issuer/{issuerId}/merchant/{merchantId}/collection/{collectionId},400,/java-shopflo
get,/api/v1/issuer/{issuerId}/merchant/{merchantId}/collection/{collectionId},400,/java-shopflo
post,/api/v1/issuer/{issuerId}/merchant/{merchantId}/collection/{collectionId}/product/{productId},401,/java-shopflo
delete,/api/v1/issuer/{issuerId}/merchant/{merchantId}/collection/{collectionId}/product/{productId},401,/java-shopflo
get,/api/v1/issuer/{issuerId}/merchant/{merchantId}/collection/{collectionId}/product,401,/java-shopflo
patch,/api/v1/issuer/{issuerId}/merchant/{merchantId}/collection/{collectionId}/product,401,/java-shopflo
get,/api/v1/customer-account/sessions,200,/java-shopflo
post,/api/v1/delay-task,200,/java-shopflo
get,/api/v2/delivery-profile,200,/java-shopflo
post,/api/v2/delivery-profile,400,/java-shopflo
put,/api/v2/delivery-profile/add-product,200,/java-shopflo
get,/api/v2/delivery-profile/{deliveryProfileId},200,/java-shopflo
delete,/api/v2/delivery-profile/{deliveryProfileId},200,/java-shopflo
patch,/api/v2/delivery-profile/{deliveryProfileId},200,/java-shopflo
post,/Capi/v1/dlr/{channel},400,/java-shopflo
get,/Capi/v1/dlr/{channel},400,/java-shopflo
post,/api/v1/events/sns,200,/java-shopflo
get,/api/v1/auth-callback/{request_id}/status,200,/java-shopflo
post,/api/v1/auth-callback/truecaller,200,/java-shopflo
post,/api/v1/external-communications/{channel},200,/java-shopflo
post,/api/v1/guest-user,200,/java-shopflo
post,/api/v1/internal/{organization_id}/churn-date,400,/java-shopflo
post,/api/v1/internal100o-live,400,/java-shopflo
get,/api/v1/internal/{organization_id}/merchant-applications,400,/java-shopflo
delete,/api/v1/internal/{organization_id}/theme-details,400,/java-shopflo
put,/api/v1/internal/{organization_id}/theme-details,400,/java-shopflo
post,/api/v1/internal/{organization_id}/white-listed-domains,400,/java-shopflo
post,/api/v1/internal/add-admin-role-to-existing-merchants,400,/java-shopflo
post,/api/v1/internal/add-system-role-and-assign-to-all-merchants,400,/java-shopflo
get,/api/v1/internal/app-details,400,/java-shopflo
get,/api/v1/internal/country-mapping,400,/java-shopflo
post,/api/v1/internal/country-mapping,400,/java-shopflo
post,/api/v1/internal/country-mapping_BULK,400,/java-shopflo
post,/api/v1/internal//state-mapping,400,/java-shopflo
get,/api/v1/internal//state-mapping,400,/java-shopflo
post,/api/v1/internal/state-mapping-bulk,400,/java-shopflo
post,/api/v1/internal/create-permissions,400,/java-shopflo
post,/api/v1/internal/exchange-token,400,/java-shopflo
post,/api/v1/internal/find-users-with-role,400,/java-shopflo
post,/api/v1/internal/fix-missing-roles-in-admin,400,/java-shopflo
post,/api/v1/internal/generate-token,400,/java-shopflo
post,/api/v1/internal/make-organization-admin,400,/java-shopflo
get,/api/v1/internal/merchant-account,400,/java-shopflo
post,/api/v1/internal/migrate,400,/java-shopflo
post,/api/v1/internal/migrate-platform-users,400,/java-shopflo
get,/api/v1/internal/organization,400,/java-shopflo
post,/api/v1/internal/organization/{organization_id}/send-communication,400,/java-shopflo
get,/api/v1/internal/permission,400,/java-shopflo
post,/api/v1/internal/permission,400,/java-shopflo
get,/api/v1/internal/permission/{permission_name},400,/java-shopflo
delete,/api/v1/internal/permission/{permission_name},400,/java-shopflo
put,/api/v1/internal/permission/{permission_name},400,/java-shopflo
delete,/api/v1/internal/remove-organization/{organization_id},400,/java-shopflo
post,/api/v1/internal/resend,400,/java-shopflo
put,/api/v1/internal/restricted-permissions,400,/java-shopflo
post,/api/v1/internal/restricted-permissions,400,/java-shopflo
delete,/api/v1/internal/restricted-permissions/{organization_id}/{permission_name},400,/java-shopflo
post,/api/v1/internal/send,400,/java-shopflo
post,/api/v1/internal/send-invitation-email,400,/java-shopflo
post,/api/v1/internal/send-invitation-email-specific,400,/java-shopflo
post,/api/v1/internal/send-user-invitation-email-for-merchant,400,/java-shopflo
post,/api/v1/internal/super-admin-login,400,/java-shopflo
post,/api/v1/internal/toggle-organization-status,400,/java-shopflo
post,/api/v1/internal/transfer-ownership,400,/java-shopflo
post,/api/v1/internal/translate-token,400,/java-shopflo
get,/api/v1/internal/user-details,400,/java-shopflo
post,/api/v1/internal/user-details,400,/java-shopflo
post,/api/v1/internal/user-details/map-email,400,/java-shopflo
post,/api/v1/internal/verify,400,/java-shopflo
get,/api/v1/merchant/{merchantId}/group,200,/java-shopflo
post,/api/v1/merchant/{merchantId}/group/create,200,/java-shopflo
delete,/api/v1/merchant/{merchantId}/group/{localDeliveryGroupId}/delete,200,/java-shopflo
get,/api/v1/merchant/{merchantId}/group/{localDeliveryGroupId},200,/java-shopflo
patch,/api/v1/merchant/{merchantId}/group/{localDeliveryGroupId}/toggle-status,200,/java-shopflo
patch,/api/v1/merchant/{merchantId}/group/{localDeliveryGroupId}/update,400,/java-shopflo
post,/api/v1/loyalty/issuer/{issuerId}/merchant/{merchantId}/confirm/{redemptionId},200,/java-shopflo
get,/api/v1/loyalty/issuer/{issuerId}/merchant/{merchantId}/needs-verification,200,/java-shopflo
post,/api/v1/loyalty/issuer/{issuerId}/merchant/{merchantId}/reject/{redemptionId},400,/java-shopflo
put,/api/v1/loyalty/issuer/{issuerId}/merchant/{merchantId}/user,200,/java-shopflo
delete,/api/v1/merchant-account/{merchant_account_id},400,/java-shopflo
patch,/api/v1/merchant-account/assign-roles,400,/java-shopflo
post,/api/v1/merchant-account/invitation,200,/java-shopflo
delete,/api/v1/merchant-account/invitation/{invitation_id},400,/java-shopflo
put,/api/v1/merchant-account/invitation/{invitation_id}/resend,200,/java-shopflo
post,/api/v1/merchant-account/invitations,200,/java-shopflo
get,/api/v1/merchant-account/roles,400,/java-shopflo
post,/api/v1/merchant-account/roles,200,/java-shopflo
get,/api/v1/merchant-account/roles/{role_id},400,/java-shopflo
delete,/api/v1/merchant-account/roles/{role_id},400,/java-shopflo
patch,/api/v1/merchant-account/roles/{role_id},200,/java-shopflo
get,/api/v1/issuer/{issuerId}/merchant/{merchantId}/analytics,400,/java-shopflo
post,/api/v1/issuer/{issuerId}/merchant/{merchantId}/analytics/spend-report,200,/java-shopflo
get,/api/v1/issuer/{issuerId}/merchant/{merchantId}/analytics/user-spend-report,200,/java-shopflo
get,/api/v1/merchant-app,400,/java-shopflo
post,/api/v1/merchant-app,400,/java-shopflo
delete,/api/v1/merchant-app/{merchant_app_id},400,/java-shopflo
get,/api/v1/merchant-app/{merchant_app_id},400,/java-shopflo
get,/api/v1/merchant-app/listing,400,/java-shopflo
get,/api/v1/issuer/{issuerId}/merchant/{merchantId}/configuration,400,/java-shopflo
post,/api/v1/issuer/{issuerId}/merchant/{merchantId}/configuration,200,/java-shopflo
patch,/api/v1/issuer/{issuerId}/merchant/{merchantId}/configuration,200,/java-shopflo
patch,/api/v1/issuer/{issuerId}/merchant/{merchantId}/configuration/activate,200,/java-shopflo
post,/api/v1/issuer/{issuerId}/merchant/{merchantId}/configuration/adjust-points,200,/java-shopflo
patch,/api/v1/issuer/{issuerId}/merchant/{merchantId}/configuration/de-activate,200,/java-shopflo
post,/api/v1/merchant-external-onboarding,400,/java-shopflo
get,/api/v1/merchant-invitation,200,/java-shopflo
post,/api/v1/merchant-invitation/accept,400,/java-shopflo
post,/api/v1/merchant-invitation/accept/authenticated,200,/java-shopflo
post,/api/v1/merchant-invitation/resend,200,/java-shopflo
get,/api/v2/merchant-shipping-configuration,200,/java-shopflo
delete,/api/v2/merchant-shipping-configuration,200,/java-shopflo
post,/api/v2/merchant-shipping-configuration,400,/java-shopflo
patch,/api/v2/merchant-shipping-configuration,400,/java-shopflo
put,/api/v2/merchant-shipping-configuration/last-sync-time,200,/java-shopflo
get,/api/v2/merchant-shipping-configuration/require-migration,200,/java-shopflo
post,/api/v1/sync,400,/java-shopflo
post,/api/v1/sync/internal,400,/java-shopflo
post,/api/v1/sync/internal/on-demand-entity-sync/blocking,200,/java-shopflo
post,/api/v1/sync/migrate,400,/java-shopflo
get,/api/v1/sync/status,200,/java-shopflo
get,/api/v1/issuer/{issuerId}/merchant/{merchantId}/transaction,200,/java-shopflo
post,/api/v1/merchant-user/add-new-store,200,/java-shopflo
post,/api/v1/merchant-user/forgot-password,400,/java-shopflo
post,/api/v1/merchant-user/login,400,/java-shopflo
post,/api/v1/merchant-user/logout,400,/java-shopflo
get,/api/v1/merchant-user/organization,400,/java-shopflo
post,/api/v1/merchant-user/organization/{organization_id}/switch,200,/java-shopflo
put,/api/v1/merchant-user/profile,200,/java-shopflo
get,/api/v1/merchant-user/profile,200,/java-shopflo
post,/api/v1/merchant-user/refresh,200,/java-shopflo
post,/api/v1/otp/logout,200,/java-shopflo
post,/api/v1/otp/resend,400,/java-shopflo
post,/api/v1/otp/send,401,/java-shopflo
post,/api/v1/otp/verify,400,/java-shopflo
get,/api/v1/issuer/{issuerId}/merchant/{merchantId}/product/{productId}/image,401,/java-shopflo
post,/api/v1/issuer/{issuerId}/merchant/{merchantId}/product/{productId}/image,400,/java-shopflo
post,/api/v1/issuer/{issuerId}/merchant/{merchantId}/product/{productId}/image/bulk,401,/java-shopflo
delete,/api/v1/issuer/{issuerId}/merchant/{merchantId}/product/{productId}/image/bulk,401,/java-shopflo
delete,/api/v1/issuer/{issuerId}/merchant/{merchantId}/product/{productId}/image/{imageId},401,/java-shopflo
patch,/api/v1/issuer/{issuerId}/merchant/{merchantId}/product/{productId}/image/{imageId},400,/java-shopflo
put,/api/v1/issuer/{issuerId}/merchant/{merchantId}/product/{productId}/image/variant,401,/java-shopflo
get,/api/v1/issuer/{issuerId}/merchant/{merchantId}/product,401,/java-shopflo
post,/api/v1/issuer/{issuerId}/merchant/{merchantId}/product,200,/java-shopflo
get,/api/v1/issuer/{issuerId}/merchant/{merchantId}/product/{productId},401,/java-shopflo
delete,/api/v1/issuer/{issuerId}/merchant/{merchantId}/product/{productId},401,/java-shopflo
get,/api/v1/issuer/{issuerId}/merchant/{merchantId}/product/{productId}/variant,401,/java-shopflo
post,/api/v1/issuer/{issuerId}/merchant/{merchantId}/product/{productId}/variant/bulk,401,/java-shopflo
get,/api/v1/issuer/{issuerId}/merchant/{merchantId}/product/{productId}/variant/{variantId},401,/java-shopflo
delete,/api/v1/issuer/{issuerId}/merchant/{merchantId}/product/{productId}/variant/{variantId},401,/java-shopflo
patch,/api/v1/issuer/{issuerId}/merchant/{merchantId}/product/{productId}/variant/{variantId},400,/java-shopflo
patch,/api/v1/issuer/{issuerId}/merchant/{merchantId}/product/{productId}/variant/{variantId}/image,401,/java-shopflo
delete,/api/v1/issuer/{issuerId}/merchant/{merchantId}/product/{productId}/variant/{variantId}/image,401,/java-shopflo
get,/api/v2/delivery-profile/{deliveryfieId}/shipping-zone/{zoneId}/country/{countryId}/provinces,200,/java-shopflo
post,/api/v2/delivery-profile/{deliveryfieId}/shipping-zone/{zoneId}/country/{countryId}/provinces,400,/java-shopflo
get,/api/v2/delivery-profile/{deliveryfieId}/shipping-zone/{zoneId}/country/{countryId}/provinces/{provinceId},200,/java-shopflo
delete,/api/v2/delivery-profile/{deliveryfieId}/shipping-zone/{zoneId}/country/{countryId}/provinces/{provinceId},200,/java-shopflo
patch,/api/v2/delivery-profile/{deliveryfieId}/shipping-zone/{zoneId}/country/{countryId}/provinces/{provinceId},400,/java-shopflo
get,/api/v2/delivery-profile/{deliveryfieId}/shipping-zone/{zoneId}/country,200,/java-shopflo
post,/api/v2/delivery-profile/{deliveryfieId}/shipping-zone/{zoneId}/country,400,/java-shopflo
get,/api/v2/delivery-profile/{deliveryfieId}/shipping-zone/{zoneId}/country/{countryId},200,/java-shopflo
delete,/api/v2/delivery-profile/{deliveryfieId}/shipping-zone/{zoneId}/country/{countryId},200,/java-shopflo
patch,/api/v2/delivery-profile/{deliveryfieId}/shipping-zone/{zoneId}/country/{countryId},400,/java-shopflo
get,/api/v1/webhook-configuration,200,/java-shopflo
post,/api/v1/webhook-configuration,200,/java-shopflo
delete,/api/v1/webhook-configuration/{configurationId},200,/java-shopflo
get,/api/v1/webhook-configuration/{configurationId},200,/java-shopflo
patch,/api/v1/webhook-configuration/{configurationId},400,/java-shopflo
get,/calendar/schedule/pii/{id},200,/oneapi
get,/admin/api/v1/brands,401,/paytail
get,/admin/api/v1/categories,401,/paytail
get,/admin/api/v1/corporate,401,/paytail
get,/admin/api/v1/corporate/{userId},401,/paytail
post,/admin/api/v1/corporates,401,/paytail
get,/admin/api/v1/corporates,401,/paytail
get,/admin/api/v1/get-all-brands,401,/paytail
get,/admin/api/v1/get-brands,401,/paytail
get,/admin/api/v1/get-selected-brands,401,/paytail
post,/admin/api/v1/linked-brand,401,/paytail
post,/admin/api/v1/save-user-brands,401,/paytail
get,/admin/api/v1/selected-and-all,401,/paytail
post,/admin/api/v1/update-categories,401,/paytail
get,/admin/api/v1/user/category-brand,200,/paytail
get,/admin/api/v1/user/selected,401,/paytail
get,/admin/api/v1/user/selection,200,/paytail
post,/admin/private/api/v1/corporate,401,/paytail
get,/admin/private/api/v1/tied-up-brands,401,/paytail
post,/admin/private/api/v1/upload/image,401,/paytail
delete,/admin/private/api/v1/upload/product-image,200,/paytail
post,/brand/{brandId},401,/paytail
put,/brand/{brandId},401,/paytail
patch,/brand/{brandId},401,/paytail
get,/brand/{brandId},401,/paytail
delete,/brand/{brandId},401,/paytail
get,/brand/admin/user/selection,401,/paytail
patch,/brand/all-brands,401,/paytail
delete,/brand/all-brands,401,/paytail
post,/brand/all-brands,200,/paytail
put,/brand/all-brands,401,/paytail
get,/brand/api/v1/get-brands,401,/paytail
get,/brand/api/v1/get-selected-brands,200,/paytail
post,/brand/api/v1/save-user-brands,401,/paytail
get,/brand/api/v1/user/category-brand,401,/paytail
get,/brand/brand-name/{brandName},401,/paytail
post,/brand/category,200,/paytail
post,/brand/category/{brandName}/{pageNo}/{pageSize},200,/paytail
post,/brand/category/{pageNo}/{pageSize},401,/paytail
delete,/brand/get-by-brandcode/{brandcode},200,/paytail
put,/brand/get-by-brandcode/{brandcode},200,/paytail
post,/brand/get-by-brandcode/{brandcode},401,/paytail
get,/brand/internal/api/v1/brand-merchant/{merchantPhone},401,/paytail
get,/brand/internal/api/v1/user/partner/brands,401,/paytail
post,/brand/internal/api/v1/user/save/corporate-brands,401,/paytail
post,/brand/internal/api/v1/user/save/corporate/brands,401,/paytail
get,/brand/merchant/brand,401,/paytail
get,/brand/paytail,401,/paytail
get,/brand/paytail/{pageNo}/{pageSize},401,/paytail
get,/brand/private/api/v2/merchant/brand,401,/paytail
get,/brand/public/v1/brand-name-by-id/{id},200,/paytail
get,/brand/public/v2/user/selection,401,/paytail
get,/brand/public/v3/user/selection,401,/paytail
post,/brand/retailer,401,/paytail
get,/brand/user/{pageNo}/{pageSize},401,/paytail
get,/brand/user/group,401,/paytail
get,/brand/user/public/api/v1/selected/{merchantId},401,/paytail
get,/brand/user/selected/{merchantId},401,/paytail
get,/brand/user/transaction,200,/paytail
get,/brand/user/transaction/{pageNo}/{pageSize},401,/paytail
delete,/cache/private/api/v1/evictAll,401,/paytail
delete,/cache/private/api/v1/evictKeys,401,/paytail
get,/category,401,/paytail
get,/category/{id},401,/paytail
get,/category/admin/selected-and-all,401,/paytail
post,/category/admin/update-categories,200,/paytail
get,/category/admin/user/selected,401,/paytail
get,/category/all,401,/paytail
post,/category/categories,401,/paytail
get,/category/internal/api/v1/categories,401,/paytail
get,/category/internal/api/v1/category/{categoryId},200,/paytail
get,/category/merchant/all-category,401,/paytail
get,/category/page,401,/paytail
post,/category/public/v2/user,401,/paytail
get,/category/public/v2/user/selection,200,/paytail
post,/category/user,401,/paytail
get,/category/user/{pageNo}/{pageSize},401,/paytail
get,/category/user/selected/{merchantId},401,/paytail
get,/category/user/selection,401,/paytail
post,/corporate/api/v1/add/categories,401,/paytail
post,/corporate/internal/api/v1/backfill/elastic/sku,401,/paytail
get,/corporate/internal/api/v1/brand/{brandId},401,/paytail
get,/corporate/internal/api/v1/user/{userId},401,/paytail
post,/corporate/private/api/v1/addCorporateProcessingFee,200,/paytail
get,/corporate/private/api/v1/all/sku/queue,401,/paytail
put,/corporate/private/api/v1/company-profile,401,/paytail
get,/corporate/private/api/v1/company-profile,401,/paytail
get,/corporate/private/api/v1/company-profile/{corporateUserId},401,/paytail
post,/corporate/private/api/v1/company/image,401,/paytail
get,/corporate/private/api/v1/dealer-product/scheme/excel,401,/paytail
get,/corporate/private/api/v1/gst/{gst},401,/paytail
get,/corporate/private/api/v1/master/advance-tenure,200,/paytail
get,/corporate/private/api/v1/master/brand,401,/paytail
get,/corporate/private/api/v1/master/category,401,/paytail
get,/corporate/private/api/v1/master/category-sub-category,401,/paytail
get,/corporate/private/api/v1/master/product-type,200,/paytail
get,/corporate/private/api/v1/master/states,401,/paytail
get,/corporate/private/api/v1/master/sub-category,401,/paytail
get,/corporate/private/api/v1/master/tenure,401,/paytail
delete,/corporate/private/api/v1/product-dealer-scheme,401,/paytail
post,/corporate/private/api/v1/product-dealer-scheme,401,/paytail
get,/corporate/private/api/v1/sku/queue,401,/paytail
post,/corporate/private/api/v1/sku/queue/approve/{requestId},200,/paytail
post,/corporate/private/api/v1/sku/queue/reject/{requestId},401,/paytail
get,/corporate/private/api/v1/sku/queue/scheme,401,/paytail
post,/corporate/private/api/v1/state-code/dealer-level-scheme,401,/paytail
post,/corporate/private/api/v1/subcategory-category/product-scheme,401,/paytail
delete,/corporate/private/api/v1/subcategory-category/product-scheme,401,/paytail
post,/corporate/private/api/v1/validate-scheme,401,/paytail
post,/corporate/private/api/v2/bulk/dealer/scheme,200,/paytail
delete,/corporate/private/api/v2/bulk/dealer/scheme,200,/paytail
post,/corporate/private/api/v2/bulk/leads,200,/paytail
post,/corporate/private/api/v2/bulk/master/scheme,401,/paytail
post,/corporate/private/api/v2/bulk/master/scheme/validation,401,/paytail
post,/corporate/private/api/v2/bulk/product/scheme,401,/paytail
delete,/corporate/private/api/v2/bulk/products,401,/paytail
post,/corporate/private/api/v2/bulk/products,401,/paytail
post,/corporate/private/api/v2/corporate,401,/paytail
post,/corporate/private/api/v2/dealer/scheme,200,/paytail
put,/corporate/private/api/v2/leads,401,/paytail
delete,/corporate/private/api/v2/leads,401,/paytail
post,/corporate/private/api/v2/leads,401,/paytail
get,/corporate/private/api/v2/leads,401,/paytail
get,/corporate/private/api/v2/leads/excel,200,/paytail
put,/corporate/private/api/v2/master/scheme,401,/paytail
get,/corporate/private/api/v2/master/scheme,401,/paytail
delete,/corporate/private/api/v2/master/scheme,401,/paytail
post,/corporate/private/api/v2/master/scheme,401,/paytail
get,/corporate/private/api/v2/master/scheme/excel,401,/paytail
post,/corporate/private/api/v2/product/scheme,401,/paytail
delete,/corporate/private/api/v2/products,401,/paytail
get,/corporate/private/api/v2/products,200,/paytail
post,/corporate/private/api/v2/products,401,/paytail
put,/corporate/private/api/v2/products,401,/paytail
get,/corporate/private/api/v2/products/excel,401,/paytail
get,/corporate/private/api/v2/sku/sample/file,401,/paytail
post,/corporate/private/api/v3/bulk/dealer/scheme,401,/paytail
delete,/corporate/private/api/v3/bulk/dealer/scheme,200,/paytail
delete,/corporate/private/api/v3/bulk/product/scheme,401,/paytail
post,/corporate/private/api/v3/bulk/product/scheme,401,/paytail
post,/corporate/public/api/v1/add/brands/{corporateId},401,/paytail
post,/corporate/public/api/v1/add/products/{corporateId}/{brandId}/{categoryId},401,/paytail
post,/corporate/public/api/v1/add/schemes,401,/paytail
post,/corporate/public/api/v1/add/subvention/offers/{corporateId},401,/paytail
put,/corporate/public/api/v1/brands/{corporateId},401,/paytail
delete,/corporate/public/api/v1/brands/{corporateId},401,/paytail
get,/corporate/public/api/v1/leads/{corporateId},401,/paytail
delete,/corporate/public/api/v1/leads/{corporateId},401,/paytail
get,/corporate/public/api/v1/leads/stats/{corporateId},401,/paytail
get,/corporate/public/api/v1/products/{corporateId}/{brandId},200,/paytail
put,/corporate/public/api/v1/products/{corporateId}/{brandId}/{categoryId},200,/paytail
post,/corporate/public/api/v1/products/{source},401,/paytail
get,/corporate/public/api/v1/products/priceTypes,401,/paytail
get,/corporate/public/api/v1/schemes/{corporateId},200,/paytail
get,/corporate/public/api/v1/schemes/tenures/{corporateId},401,/paytail
get,/corporate/public/api/v1/subvention/ruleTypes,401,/paytail
get,/corporate/public/api/v1/subvention/ruleTypes/{ruleType}/{corporateId},200,/paytail
post,/corporate/public/api/v2/add/products/{source},401,/paytail
get,/health/status,401,/paytail
put,/index/{userId},401,/paytail
get,/index/{userId},401,/paytail
patch,/index/{userId},401,/paytail
delete,/index/{userId},401,/paytail
post,/index/{userId},401,/paytail
get,/lead/internal/api/v1/lead/{phone},401,/paytail
post,/lead/internal/api/v1/leads,401,/paytail
put,/lead/internal/api/v1/user-corporate/{userId},401,/paytail
post,/lead/private/api/v1/corporates,401,/paytail
post,/product/admin/api/v1/corporate,401,/paytail
get,/product/admin/v1/categories,401,/paytail
post,/product/consumer/brand,200,/paytail
patch,/product/consumer/brand,401,/paytail
get,/product/consumer/brand,401,/paytail
patch,/product/consumer/brand/{id},401,/paytail
post,/product/consumer/brand/{id},401,/paytail
delete,/product/consumer/brand/{id},401,/paytail
get,/product/consumer/brand/{id},401,/paytail
put,/product/consumer/brand/{id},401,/paytail
get,/product/consumer/category,401,/paytail
put,/product/consumer/category,401,/paytail
post,/product/consumer/category,401,/paytail
delete,/product/consumer/category,401,/paytail
put,/product/consumer/category/{id},401,/paytail
get,/product/consumer/category/{id},401,/paytail
patch,/product/consumer/category/{id},401,/paytail
post,/product/consumer/category/{id},401,/paytail
delete,/product/consumer/category/{id},401,/paytail
get,/product/consumer/product-type,401,/paytail
delete,/product/consumer/product-type,401,/paytail
put,/product/consumer/product-type,401,/paytail
patch,/product/consumer/product-type,401,/paytail
post,/product/consumer/product-type,401,/paytail
get,/product/consumer/product/{id},401,/paytail
patch,/product/consumer/product/{id},401,/paytail
put,/product/consumer/product/{id},401,/paytail
delete,/product/consumer/product/{id},200,/paytail
post,/product/consumer/product/{id},401,/paytail
get,/product/internal/api/v1/corporate-retailer,401,/paytail
get,/product/internal/api/v1/corporate/{userId},401,/paytail
post,/product/internal/api/v1/corporates,401,/paytail
get,/product/internal/api/v1/get-non-listed-product,401,/paytail
get,/product/internal/api/v1/get-product-price,401,/paytail
get,/product/internal/v1/min-gmv,401,/paytail
get,/product/internal/v1/product,401,/paytail
get,/product/internal/v1/productDto,401,/paytail
post,/product/internal/v1/scheme,401,/paytail
get,/product/private/api/v1/get-customer-offers,401,/paytail
get,/product/private/api/v1/get-non-listed-product,401,/paytail
get,/product/private/api/v1/get-product-suggestions,200,/paytail
get,/product/private/api/v1/search-products,401,/paytail
get,/product/private/v1/brands,401,/paytail
put,/product/private/v1/consumer/subvention,401,/paytail
patch,/product/private/v1/consumer/subvention,401,/paytail
delete,/product/private/v1/consumer/subvention,200,/paytail
post,/product/private/v1/consumer/subvention,401,/paytail
get,/product/private/v1/consumer/subvention,401,/paytail
get,/product/private/v1/get-product-detail,200,/paytail
get,/product/private/v1/merchant/offers,401,/paytail
get,/product/private/v1/merchant/product-detail,401,/paytail
get,/product/private/v1/product-detail,401,/paytail
get,/product/private/v2/consumer/brands,200,/paytail
get,/product/private/v2/consumer/products,401,/paytail
get,/product/private/v2/merchant/brands,200,/paytail
get,/product/private/v2/merchant/products,401,/paytail
put,/search/internal/api/v1/update/brand/index,401,/paytail
put,/search/internal/api/v1/update/category/index,401,/paytail
put,/search/internal/api/v1/update/category/index-by-brand,401,/paytail
put,/search/internal/api/v1/update/category/index-by-category-brand,401,/paytail
put,/search/internal/api/v1/update/corporate/index,200,/paytail
put,/search/internal/api/v1/update/product/index,401,/paytail
get,/subcategory/internal/api/v1/category/{subCategoryId},401,/paytail
get,/subcategory/internal/api/v1/product-type/{subCategoryId},401,/paytail
get,/subcategory/internal/api/v1/sub-category/category/{categoryId},401,/paytail
get,/subcategory/internal/api/v1/sub-category/product-type/{productType},401,/paytail
get,/.well-known/apple-app-site-association,200,/thingsboard
get,/.well-known/assetlinks.json,200,/thingsboard
delete,/api/2fa/account/config,200,/thingsboard
put,/api/2fa/account/config,200,/thingsboard
post,/api/2fa/account/config,200,/thingsboard
post,/api/2fa/account/config/generate,200,/thingsboard
post,/api/2fa/account/config/submit,200,/thingsboard
get,/api/2fa/account/settings,200,/thingsboard
get,/api/2fa/providers,200,/thingsboard
get,/api/2fa/settings,200,/thingsboard
post,/api/2fa/settings,200,/thingsboard
delete,/api/admin/autoCommitSettings,200,/thingsboard
get,/api/admin/autoCommitSettings,200,/thingsboard
post,/api/admin/autoCommitSettings,200,/thingsboard
get,/api/admin/autoCommitSettings/exists,200,/thingsboard
get,/api/admin/featuresInfo,200,/thingsboard
get,/api/admin/jwtSettings,200,/thingsboard
post,/api/admin/jwtSettings,200,/thingsboard
get,/api/admin/mail/oauth2/authorize,200,/thingsboard
get,/api/admin/mail/oauth2/code,200,/thingsboard
get,/api/admin/repositorySettings,200,/thingsboard
delete,/api/admin/repositorySettings,200,/thingsboard
post,/api/admin/repositorySettings,200,/thingsboard
post,/api/admin/repositorySettings/checkAccess,200,/thingsboard
get,/api/admin/repositorySettings/exists,200,/thingsboard
get,/api/admin/repositorySettings/info,200,/thingsboard
get,/api/admin/securitySettings,200,/thingsboard
post,/api/admin/securitySettings,200,/thingsboard
post,/api/admin/settings,200,/thingsboard
get,/api/admin/settings/{key},200,/thingsboard
post,/api/admin/settings/testMail,200,/thingsboard
post,/api/admin/settings/testSms,200,/thingsboard
get,/api/admin/systemInfo,200,/thingsboard
get,/api/admin/updates,200,/thingsboard
post,/api/alarm,500,/thingsboard
delete,/api/alarm/{alarmId},200,/thingsboard
get,/api/alarm/{alarmId},200,/thingsboard
post,/api/alarm/{alarmId}/ack,200,/thingsboard
delete,/api/alarm/{alarmId}/assign,200,/thingsboard
post,/api/alarm/{alarmId}/assign/{assigneeId},200,/thingsboard
post,/api/alarm/{alarmId}/clear,200,/thingsboard
post,/api/alarm/{alarmId}/comment,200,/thingsboard
get,/api/alarm/{alarmId}/comment,500,/thingsboard
delete,/api/alarm/{alarmId}/comment/{commentId},200,/thingsboard
get,/api/alarm/{entityType}/{entityId},200,/thingsboard
get,/api/alarm/highestSeverity/{entityType}/{entityId},200,/thingsboard
get,/api/alarm/info/{alarmId},200,/thingsboard
get,/api/alarm/types,500,/thingsboard
get,/api/alarms,200,/thingsboard
post,/api/alarmsQuery/count,200,/thingsboard
post,/api/alarmsQuery/find,200,/thingsboard
post,/api/asset,200,/thingsboard
get,/api/asset/{assetId},200,/thingsboard
delete,/api/asset/{assetId},200,/thingsboard
post,/api/asset/bulk_import,200,/thingsboard
get,/api/asset/info/{assetId},200,/thingsboard
get,/api/asset/types,500,/thingsboard
delete,/api/assetProfile/{assetProfileId},200,/thingsboard
get,/api/assetProfile/{assetProfileId},200,/thingsboard
post,/api/assetProfile/{assetProfileId}/default,200,/thingsboard
get,/api/assetProfile/names,500,/thingsboard
get,/api/assetProfileInfo/{assetProfileId},200,/thingsboard
get,/api/assetProfileInfo/default,500,/thingsboard
get,/api/assetProfileInfos,500,/thingsboard
get,/api/assetProfiles,500,/thingsboard
get,/api/assets,200,/thingsboard
post,/api/assets,200,/thingsboard
get,/api/audit/logs,200,/thingsboard
get,/api/audit/logs/customer/{customerId},200,/thingsboard
get,/api/audit/logs/entity/{entityType}/{entityId},200,/thingsboard
get,/api/audit/logs/user/{userId},200,/thingsboard
get,/api/auth/2fa/providers,200,/thingsboard
post,/api/auth/2fa/verification/check,200,/thingsboard
post,/api/auth/2fa/verification/send,200,/thingsboard
post,/api/auth/changePassword,200,/thingsboard
post,/api/auth/logout,200,/thingsboard
get,/api/components,200,/thingsboard
get,/api/components/{componentType},200,/thingsboard
delete,/api/customer/{customerId},200,/thingsboard
get,/api/customer/{customerId},200,/thingsboard
post,/api/customer/{customerId}/asset/{assetId},200,/thingsboard
get,/api/customer/{customerId}/assets,200,/thingsboard
delete,/api/customer/{customerId}/dashboard/{dashboardId},200,/thingsboard
post,/api/customer/{customerId}/dashboard/{dashboardId},200,/thingsboard
get,/api/customer/{customerId}/dashboards,200,/thingsboard
post,/api/customer/{customerId}/device/{deviceId},200,/thingsboard
get,/api/customer/{customerId}/deviceInfos,200,/thingsboard
get,/api/customer/{customerId}/devices,200,/thingsboard
post,/api/customer/{customerId}/edge/{edgeId},200,/thingsboard
get,/api/customer/{customerId}/edgeInfos,200,/thingsboard
get,/api/customer/{customerId}/edges,200,/thingsboard
post,/api/customer/{customerId}/entityView/{entityViewId},200,/thingsboard
get,/api/customer/{customerId}/entityViewInfos,200,/thingsboard
get,/api/customer/{customerId}/entityViews,200,/thingsboard
get,/api/customer/{customerId}/shortInfo,200,/thingsboard
get,/api/customer/{customerId}/title,200,/thingsboard
get,/api/customer/{customerId}/users,500,/thingsboard
delete,/api/customer/asset/{assetId},200,/thingsboard
delete,/api/customer/device/{deviceId},200,/thingsboard
post,/api/customer/device/{deviceName}/claim,200,/thingsboard
delete,/api/customer/device/{deviceName}/claim,200,/thingsboard
delete,/api/customer/edge/{edgeId},200,/thingsboard
delete,/api/customer/entityView/{entityViewId},200,/thingsboard
post,/api/customer/public/asset/{assetId},200,/thingsboard
delete,/api/customer/public/dashboard/{dashboardId},401,/thingsboard
post,/api/customer/public/dashboard/{dashboardId},401,/thingsboard
post,/api/customer/public/device/{deviceId},200,/thingsboard
post,/api/customer/public/edge/{edgeId},200,/thingsboard
post,/api/customer/public/entityView/{entityViewId},200,/thingsboard
get,/api/customers,500,/thingsboard
delete,/api/dashboard/{dashboardId},200,/thingsboard
get,/api/dashboard/{dashboardId},200,/thingsboard
post,/api/dashboard/{dashboardId}/customers,200,/thingsboard
post,/api/dashboard/{dashboardId}/customers/add,200,/thingsboard
post,/api/dashboard/{dashboardId}/customers/remove,200,/thingsboard
get,/api/dashboard/home,200,/thingsboard
get,/api/dashboard/home/info,200,/thingsboard
get,/api/dashboard/info/{dashboardId},200,/thingsboard
get,/api/dashboard/maxDatapointsLimit,401,/thingsboard
get,/api/dashboard/serverTime,200,/thingsboard
post,/api/device,200,/thingsboard
get,/api/device-connectivity/{deviceId},200,/thingsboard
get,/api/device-connectivity/{protocol}/certificate/download,200,/thingsboard
get,/api/device-connectivity/gateway-launch/{deviceId}/docker-compose/download,200,/thingsboard
post,/api/device-with-credentials,200,/thingsboard
get,/api/device/{deviceId},200,/thingsboard
delete,/api/device/{deviceId},200,/thingsboard
get,/api/device/{deviceId}/credentials,200,/thingsboard
post,/api/device/bulk_import,200,/thingsboard
post,/api/device/credentials,200,/thingsboard
get,/api/device/info/{deviceId},200,/thingsboard
get,/api/device/types,500,/thingsboard
delete,/api/deviceProfile/{deviceProfileId},200,/thingsboard
get,/api/deviceProfile/{deviceProfileId},200,/thingsboard
post,/api/deviceProfile/{deviceProfileId}/default,200,/thingsboard
get,/api/deviceProfile/devices/keys/attributes,500,/thingsboard
get,/api/deviceProfile/devices/keys/timeseries,500,/thingsboard
get,/api/deviceProfile/names,500,/thingsboard
get,/api/deviceProfileInfo/{deviceProfileId},200,/thingsboard
get,/api/deviceProfileInfo/default,500,/thingsboard
get,/api/deviceProfileInfos,500,/thingsboard
get,/api/deviceProfiles,500,/thingsboard
get,/api/devices,200,/thingsboard
get,/api/devices/count/{otaPackageType}/{deviceProfileId},500,/thingsboard
post,/api/edge,200,/thingsboard
get,/api/edge/{edgeId},200,/thingsboard
delete,/api/edge/{edgeId},200,/thingsboard
post,/api/edge/{edgeId}/{ruleChainId}/root,200,/thingsboard
post,/api/edge/{edgeId}/asset/{assetId},200,/thingsboard
delete,/api/edge/{edgeId}/asset/{assetId},200,/thingsboard
delete,/api/edge/{edgeId}/dashboard/{dashboardId},200,/thingsboard
post,/api/edge/{edgeId}/dashboard/{dashboardId},200,/thingsboard
get,/api/edge/{edgeId}/dashboards,200,/thingsboard
post,/api/edge/{edgeId}/device/{deviceId},200,/thingsboard
delete,/api/edge/{edgeId}/device/{deviceId},200,/thingsboard
get,/api/edge/{edgeId}/devices,200,/thingsboard
delete,/api/edge/{edgeId}/entityView/{entityViewId},200,/thingsboard
post,/api/edge/{edgeId}/entityView/{entityViewId},200,/thingsboard
get,/api/edge/{edgeId}/events,200,/thingsboard
delete,/api/edge/{edgeId}/ruleChain/{ruleChainId},200,/thingsboard
post,/api/edge/{edgeId}/ruleChain/{ruleChainId},200,/thingsboard
get,/api/edge/{edgeId}/ruleChains,200,/thingsboard
get,/api/edge/{edgeId}/upgrade/available,200,/thingsboard
post,/api/edge/bulk_import,200,/thingsboard
get,/api/edge/info/{edgeId},200,/thingsboard
get,/api/edge/instructions/install/{edgeId}/{method},200,/thingsboard
get,/api/edge/instructions/upgrade/{edgeVersion}/{method},200,/thingsboard
get,/api/edge/missingToRelatedRuleChains/{edgeId},200,/thingsboard
post,/api/edge/sync/{edgeId},200,/thingsboard
get,/api/edge/types,500,/thingsboard
post,/api/edges,200,/thingsboard
get,/api/edges,500,/thingsboard
get,/api/edges/enabled,200,/thingsboard
get,/api/entities/vc/branches,200,/thingsboard
get,/api/entities/vc/diff/{entityType}/{internalEntityUuid},200,/thingsboard
post,/api/entities/vc/entity,500,/thingsboard
get,/api/entities/vc/entity/{entityType}/{versionId},200,/thingsboard
get,/api/entities/vc/entity/{requestId}/status,200,/thingsboard
get,/api/entities/vc/entity/{versionId},200,/thingsboard
get,/api/entities/vc/info/{versionId}/{entityType}/{externalEntityUuid},200,/thingsboard
get,/api/entities/vc/version,200,/thingsboard
post,/api/entities/vc/version,200,/thingsboard
get,/api/entities/vc/version/{entityType},200,/thingsboard
get,/api/entities/vc/version/{requestId}/status,200,/thingsboard
post,/api/entitiesQuery/count,200,/thingsboard
post,/api/entitiesQuery/find,200,/thingsboard
post,/api/entitiesQuery/find/keys,200,/thingsboard
post,/api/entityView,200,/thingsboard
get,/api/entityView/{entityViewId},200,/thingsboard
delete,/api/entityView/{entityViewId},200,/thingsboard
get,/api/entityView/info/{entityViewId},200,/thingsboard
get,/api/entityView/types,500,/thingsboard
get,/api/events/{entityType}/{entityId},200,/thingsboard
post,/api/events/{entityType}/{entityId},200,/thingsboard
get,/api/events/{entityType}/{entityId}/{eventType},200,/thingsboard
post,/api/events/{entityType}/{entityId}/clear,200,/thingsboard
post,/api/image,200,/thingsboard
put,/api/image/import,200,/thingsboard
get,/api/images,500,/thingsboard
get,/api/images/public/{publicResourceKey},500,/thingsboard
post,/api/lwm2m/device-credentials,200,/thingsboard
get,/api/lwm2m/deviceProfile/bootstrap/{isBootstrapServer},200,/thingsboard
get,/api/mobile/app/settings,200,/thingsboard
post,/api/mobile/app/settings,200,/thingsboard
get,/api/mobile/deepLink,200,/thingsboard
post,/api/noauth/activate,200,/thingsboard
post,/api/noauth/oauth2Clients,500,/thingsboard
get,/api/noauth/qr,200,/thingsboard
get,/api/noauth/qr/{secret},200,/thingsboard
get,/api/noauth/resetPassword,200,/thingsboard
post,/api/noauth/resetPassword,200,/thingsboard
post,/api/noauth/resetPasswordByEmail,200,/thingsboard
get,/api/noauth/userPasswordPolicy,200,/thingsboard
delete,/api/notification/{id},200,/thingsboard
put,/api/notification/{id}/read,200,/thingsboard
get,/api/notification/deliveryMethods,200,/thingsboard
post,/api/notification/request,200,/thingsboard
get,/api/notification/request/{id},200,/thingsboard
delete,/api/notification/request/{id},200,/thingsboard
post,/api/notification/request/preview,200,/thingsboard
get,/api/notification/requests,200,/thingsboard
post,/api/notification/rule,200,/thingsboard
get,/api/notification/rule/{id},200,/thingsboard
delete,/api/notification/rule/{id},200,/thingsboard
get,/api/notification/rules,200,/thingsboard
get,/api/notification/settings,200,/thingsboard
post,/api/notification/settings,200,/thingsboard
post,/api/notification/settings/user,200,/thingsboard
get,/api/notification/settings/user,200,/thingsboard
get,/api/notification/slack/conversations,200,/thingsboard
post,/api/notification/target,200,/thingsboard
get,/api/notification/target/{id},200,/thingsboard
delete,/api/notification/target/{id},200,/thingsboard
post,/api/notification/target/recipients,200,/thingsboard
get,/api/notification/targets,200,/thingsboard
post,/api/notification/template,200,/thingsboard
get,/api/notification/template/{id},200,/thingsboard
delete,/api/notification/template/{id},200,/thingsboard
get,/api/notification/templates,200,/thingsboard
get,/api/notifications,200,/thingsboard
put,/api/notifications/read,200,/thingsboard
get,/api/notifications/unread/count,200,/thingsboard
get,/api/oauth2/config,200,/thingsboard
post,/api/oauth2/config,200,/thingsboard
get,/api/oauth2/config/template,200,/thingsboard
post,/api/oauth2/config/template,200,/thingsboard
delete,/api/oauth2/config/template/{clientRegistrationTemplateId},200,/thingsboard
get,/api/oauth2/loginProcessingUrl,200,/thingsboard
post,/api/otaPackage,200,/thingsboard
get,/api/otaPackage/{otaPackageId},200,/thingsboard
delete,/api/otaPackage/{otaPackageId},200,/thingsboard
post,/api/otaPackage/{otaPackageId},200,/thingsboard
get,/api/otaPackage/{otaPackageId}/download,200,/thingsboard
get,/api/otaPackage/info/{otaPackageId},200,/thingsboard
get,/api/otaPackages,500,/thingsboard
get,/api/otaPackages/{deviceProfileId}/{type},500,/thingsboard
post,/api/queues,200,/thingsboard
get,/api/queues,500,/thingsboard
get,/api/queues/{queueId},200,/thingsboard
delete,/api/queues/{queueId},200,/thingsboard
get,/api/queues/name/{queueName},200,/thingsboard
get,/api/relation,200,/thingsboard
post,/api/relation,200,/thingsboard
delete,/api/relation,200,/thingsboard
get,/api/relations,200,/thingsboard
post,/api/relations,200,/thingsboard
delete,/api/relations,200,/thingsboard
post,/api/relations/info,200,/thingsboard
get,/api/relations/info,200,/thingsboard
post,/api/resource,200,/thingsboard
get,/api/resource,500,/thingsboard
get,/api/resource/{resourceId},200,/thingsboard
delete,/api/resource/{resourceId},200,/thingsboard
get,/api/resource/{resourceId}/download,200,/thingsboard
get,/api/resource/info/{resourceId},200,/thingsboard
get,/api/resource/jks/{resourceId}/download,200,/thingsboard
get,/api/resource/js/{resourceId}/download,200,/thingsboard
get,/api/resource/lwm2m,500,/thingsboard
get,/api/resource/lwm2m/{resourceId}/download,200,/thingsboard
get,/api/resource/lwm2m/page,500,/thingsboard
get,/api/resource/pkcs12/{resourceId}/download,200,/thingsboard
get,/api/resource/tenant,500,/thingsboard
post,/api/ruleChain,200,/thingsboard
get,/api/ruleChain/{ruleChainId},200,/thingsboard
delete,/api/ruleChain/{ruleChainId},200,/thingsboard
delete,/api/ruleChain/{ruleChainId}/autoAssignToEdge,200,/thingsboard
post,/api/ruleChain/{ruleChainId}/autoAssignToEdge,200,/thingsboard
post,/api/ruleChain/{ruleChainId}/edgeTemplateRoot,200,/thingsboard
get,/api/ruleChain/{ruleChainId}/metadata,200,/thingsboard
get,/api/ruleChain/{ruleChainId}/output/labels,200,/thingsboard
get,/api/ruleChain/{ruleChainId}/output/labels/usage,200,/thingsboard
post,/api/ruleChain/{ruleChainId}/root,200,/thingsboard
get,/api/ruleChain/autoAssignToEdgeRuleChains,401,/thingsboard
post,/api/ruleChain/device/default,200,/thingsboard
post,/api/ruleChain/metadata,200,/thingsboard
get,/api/ruleChain/tbelEnabled,200,/thingsboard
post,/api/ruleChain/testScript,200,/thingsboard
get,/api/ruleChains,500,/thingsboard
get,/api/ruleChains/export,200,/thingsboard
post,/api/ruleChains/import,200,/thingsboard
get,/api/ruleNode/{ruleNodeId}/debugIn,500,/thingsboard
get,/api/system/info,401,/thingsboard
get,/api/system/params,200,/thingsboard
post,/api/tenant,200,/thingsboard
get,/api/tenant/{tenantId},200,/thingsboard
delete,/api/tenant/{tenantId},200,/thingsboard
get,/api/tenant/{tenantId}/dashboards,200,/thingsboard
post,/api/tenant/{tenantId}/device/{deviceId},200,/thingsboard
get,/api/tenant/{tenantId}/users,500,/thingsboard
get,/api/tenant/assetInfos,500,/thingsboard
get,/api/tenant/assets,200,/thingsboard
get,/api/tenant/customers,200,/thingsboard
get,/api/tenant/dashboard/home/info,200,/thingsboard
post,/api/tenant/dashboard/home/info,200,/thingsboard
get,/api/tenant/dashboards,500,/thingsboard
get,/api/tenant/deviceInfos,200,/thingsboard
get,/api/tenant/devices,200,/thingsboard
get,/api/tenant/edgeInfos,500,/thingsboard
get,/api/tenant/edges,500,/thingsboard
get,/api/tenant/entityViewInfos,500,/thingsboard
get,/api/tenant/entityViews,200,/thingsboard
get,/api/tenant/info/{tenantId},500,/thingsboard
get,/api/tenantInfos,500,/thingsboard
post,/api/tenantProfile,200,/thingsboard
get,/api/tenantProfile/{tenantProfileId},200,/thingsboard
delete,/api/tenantProfile/{tenantProfileId},200,/thingsboard
post,/api/tenantProfile/{tenantProfileId}/default,500,/thingsboard
get,/api/tenantProfileInfo/{tenantProfileId},200,/thingsboard
get,/api/tenantProfileInfo/default,500,/thingsboard
get,/api/tenantProfileInfos,500,/thingsboard
get,/api/tenantProfiles,401,/thingsboard
get,/api/tenants,500,/thingsboard
get,/api/uiSettings/helpBaseUrl,200,/thingsboard
get,/api/usage,200,/thingsboard
post,/api/user,200,/thingsboard
get,/api/user/{userId},200,/thingsboard
delete,/api/user/{userId},200,/thingsboard
get,/api/user/{userId}/activationLink,200,/thingsboard
get,/api/user/{userId}/token,200,/thingsboard
post,/api/user/{userId}/userCredentialsEnabled,200,/thingsboard
get,/api/user/dashboards,500,/thingsboard
get,/api/user/dashboards/{dashboardId}/{action},200,/thingsboard
delete,/api/user/mobile/session,200,/thingsboard
get,/api/user/mobile/session,200,/thingsboard
post,/api/user/mobile/session,200,/thingsboard
post,/api/user/sendActivationMail,200,/thingsboard
post,/api/user/settings,200,/thingsboard
put,/api/user/settings,200,/thingsboard
get,/api/user/settings,200,/thingsboard
delete,/api/user/settings/{paths},200,/thingsboard
put,/api/user/settings/{type},200,/thingsboard
get,/api/user/settings/{type},200,/thingsboard
delete,/api/user/settings/{type}/{paths},200,/thingsboard
get,/api/user/tokenAccessEnabled,200,/thingsboard
get,/api/users,500,/thingsboard
get,/api/users/assign/{alarmId},200,/thingsboard
get,/api/users/info,200,/thingsboard
post,/api/v1/{deviceToken}/attributes,200,/thingsboard
get,/api/v1/{deviceToken}/attributes/updates,401,/thingsboard
get,/api/v1/{deviceToken}/rpc,401,/thingsboard
post,/api/v1/{deviceToken}/rpc,401,/thingsboard
post,/api/v1/{deviceToken}/rpc/{requestId},401,/thingsboard
post,/api/v1/{deviceToken}/telemetry,200,/thingsboard
post,/api/v1/provision,401,/thingsboard
get,/api/v2/alarm/{entityType}/{entityId},200,/thingsboard
delete,/api/widgetsBundle/{widgetsBundleId},200,/thingsboard
get,/api/widgetsBundle/{widgetsBundleId},200,/thingsboard
post,/api/widgetsBundle/{widgetsBundleId}/widgetTypeFqns,200,/thingsboard
post,/api/widgetsBundle/{widgetsBundleId}/widgetTypes,200,/thingsboard
get,/api/widgetsBundles,500,/thingsboard
post,/api/widgetType,200,/thingsboard
get,/api/widgetType,500,/thingsboard
delete,/api/widgetType/{widgetTypeId},200,/thingsboard
get,/api/widgetType/{widgetTypeId},200,/thingsboard
get,/api/widgetTypeFqns,500,/thingsboard
get,/api/widgetTypeInfo/{widgetTypeId},200,/thingsboard
get,/api/widgetTypes,500,/thingsboard
get,/api/widgetTypesDetails,500,/thingsboard
get,/api/widgetTypesInfos,200,/thingsboard
patch,/assets,200,/thingsboard
put,/assets,200,/thingsboard
post,/assets,200,/thingsboard
get,/assets,200,/thingsboard
delete,/assets,200,/thingsboard
delete,/assets/,200,/thingsboard
post,/assets/,200,/thingsboard
patch,/assets/,200,/thingsboard
get,/assets/,200,/thingsboard
put,/assets/,200,/thingsboard
post,/error,401,/thingsboard
patch,/error,401,/thingsboard
get,/error,401,/thingsboard
put,/error,401,/thingsboard
delete,/error,401,/thingsboard
put,/swagger-ui.html,401,/thingsboard
get,/swagger-ui.html,401,/thingsboard
post,/swagger-ui.html,401,/thingsboard
patch,/swagger-ui.html,401,/thingsboard
delete,/swagger-ui.html,401,/thingsboard
delete,/swagger-ui/,200,/thingsboard
patch,/swagger-ui/,200,/thingsboard
put,/swagger-ui/,200,/thingsboard
get,/swagger-ui/,200,/thingsboard
post,/swagger-ui/,200,/thingsboard
post,/api/plugins/rpc/oneway/{deviceId},401,/thingsboard
post,/api/plugins/rpc/twoway/{deviceId},401,/thingsboard
post,/api/rpc/oneway/{deviceId},401,/thingsboard
get,/api/rpc/persistent/{rpcId},200,/thingsboard
delete,/api/rpc/persistent/{rpcId},200,/thingsboard
get,/api/rpc/persistent/device/{deviceId},200,/thingsboard
post,/api/rpc/twoway/{deviceId},401,/thingsboard
delete,/api/plugins/telemetry/{deviceId}/{scope},200,/thingsboard
post,/api/plugins/telemetry/{deviceId}/{scope},200,/thingsboard
delete,/api/plugins/telemetry/{entityType}/{entityId}/{scope},200,/thingsboard
post,/api/plugins/telemetry/{entityType}/{entityId}/{scope},200,/thingsboard
post,/api/plugins/telemetry/{entityType}/{entityId}/attributes/{scope},200,/thingsboard
get,/api/plugins/telemetry/{entityType}/{entityId}/keys/attributes,200,/thingsboard
get,/api/plugins/telemetry/{entityType}/{entityId}/keys/attributes/{scope},500,/thingsboard
get,/api/plugins/telemetry/{entityType}/{entityId}/keys/timeseries,200,/thingsboard
post,/api/plugins/telemetry/{entityType}/{entityId}/timeseries/{scope},200,/thingsboard
post,/api/plugins/telemetry/{entityType}/{entityId}/timeseries/{scope}/{ttl},200,/thingsboard
delete,/api/plugins/telemetry/{entityType}/{entityId}/timeseries/delete,200,/thingsboard
get,/api/plugins/telemetry/{entityType}/{entityId}/values/attributes,200,/thingsboard
get,/api/plugins/telemetry/{entityType}/{entityId}/values/attributes/{scope},200,/thingsboard
get,/api/plugins/telemetry/{entityType}/{entityId}/values/timeseries,200,/thingsboard
get,/priyeshtest/authenticated/active/external/basic,401,/priyesh
get,/priyeshtest/authenticated/active/external/complex,401,/priyesh
post,/priyeshtest/authenticated/active/external/complex/request,401,/priyesh
put,/priyeshtest/authenticated/active/external/complex/requestnresponse,401,/priyesh
delete,/priyeshtest/authenticated/zombie/external/piiDeleteParams,401,/priyesh
post,/priyeshtest/authenticated/zombie/external/piiIN,401,/priyesh
put,/priyeshtest/authenticated/zombie/external/piiInOut,401,/priyesh
get,/priyeshtest/authenticated/zombie/external/piiOut,401,/priyesh
patch,/priyeshtest/authenticated/zombie/external/piiRequestParams,401,/priyesh
get,/priyeshtest/unauthenticated/active/external/basic,200,/priyesh
post,/priyeshtest/unauthenticated/active/external/complexrequest,200,/priyesh
delete,/priyeshtest/unauthenticated/pii/piiDeleteParams,200,/priyesh
post,/priyeshtest/unauthenticated/pii/piiIN,200,/priyesh
put,/priyeshtest/unauthenticated/pii/piiInOut,200,/priyesh
get,/priyeshtest/unauthenticated/pii/piiOut,200,/priyesh
patch,/priyeshtest/unauthenticated/pii/piiRequestParams,200,/priyesh
delete,/user/{id},200,/v1/api
get,/review/{id},200,/v1/api/gpt
get,/getBookByName,200,/invest/core/aks/aks1/aks2
get,/priyeshtest/authenticated/active/external/basic,401,/priyesh/api
get,/priyeshtest/authenticated/active/external/complex,401,/priyesh/api
post,/priyeshtest/authenticated/active/external/complex/request,401,/priyesh/api
put,/priyeshtest/authenticated/active/external/complex/requestnresponse,401,/priyesh/api
delete,/priyeshtest/authenticated/zombie/external/piiDeleteParams,401,/priyesh/api
post,/priyeshtest/authenticated/zombie/external/piiIN,401,/priyesh/api
put,/priyeshtest/authenticated/zombie/external/piiInOut,401,/priyesh/api
get,/priyeshtest/authenticated/zombie/external/piiOut,401,/priyesh/api
patch,/priyeshtest/authenticated/zombie/external/piiRequestParams,401,/priyesh/api
get,/priyeshtest/unauthenticated/active/external/basic,200,/priyesh/api
post,/priyeshtest/unauthenticated/active/external/complexrequest,200,/priyesh/api
delete,/priyeshtest/unauthenticated/pii/piiDeleteParams,200,/priyesh/api
post,/priyeshtest/unauthenticated/pii/piiIN,200,/priyesh/api
put,/priyeshtest/unauthenticated/pii/piiInOut,200,/priyesh/api
get,/priyeshtest/unauthenticated/pii/piiOut,200,/priyesh/api
patch,/priyeshtest/unauthenticated/pii/piiRequestParams,200,/priyesh/api
get,/priyeshtest/authenticated/active/external/basic/{pathParam},200,/priyesh
post,/priyeshtest/authenticated/active/external/basic/{orderId}/In/between/{pathParam},200,/priyesh
get,/priyeshtest/authenticated/active/external/basic/{pathParam},200,/priyesh/api
post,/priyeshtest/authenticated/active/external/basic/{orderId}/In/between/{pathParam},200,/priyesh/api
get,/priyeshtest/authenticated/active/external/basic/{pathParam},200,/priyesh/api/api/fromPath
post,/priyeshtest/authenticated/active/external/basic/{orderId}/In/between/{pathParam},200,/priyesh/api/fromPath